,Annualized Return,Sharpe Ratio,Max Drawdown
0,0.2563235304683604,1.082857564499936,-0.3649731013454675
